{
  "kl_loss": [
    20.24169158935547,
    22.730134963989258,
    23.044178009033203,
    23.377988815307617,
    23.797252655029297,
    24.257015228271484,
    24.666492462158203,
    24.926034927368164,
    25.146907806396484,
    25.298189163208008,
    25.4573974609375,
    25.584749221801758,
    25.70225715637207,
    25.788061141967773,
    25.858827590942383,
    25.924888610839844,
    25.968814849853516,
    26.020790100097656,
    26.055679321289062,
    26.109725952148438,
    26.157188415527344,
    26.18520164489746,
    26.227706909179688,
    26.270471572875977,
    26.300554275512695,
    26.356531143188477,
    26.385753631591797,
    26.434968948364258,
    26.49860382080078,
    26.534669876098633,
    26.5634822845459,
    26.6068115234375,
    26.63456916809082,
    26.68304443359375,
    26.705347061157227,
    26.725749969482422,
    26.773893356323242,
    26.774986267089844,
    26.803844451904297,
    26.822725296020508,
    26.84817886352539,
    26.88266372680664,
    26.912683486938477,
    26.913240432739258,
    26.95242691040039,
    26.96360206604004,
    26.987104415893555,
    26.98958969116211,
    27.013547897338867,
    27.024179458618164,
    27.03987693786621,
    27.039390563964844,
    27.063093185424805,
    27.091482162475586,
    27.077367782592773,
    27.099348068237305,
    27.114198684692383,
    27.11503028869629,
    27.125537872314453,
    27.141172409057617,
    27.1487979888916,
    27.176136016845703,
    27.168779373168945,
    27.184770584106445,
    27.191682815551758,
    27.22483253479004,
    27.218875885009766,
    27.245315551757812,
    27.258506774902344,
    27.284847259521484,
    27.284807205200195,
    27.293371200561523,
    27.318340301513672,
    27.336055755615234,
    27.349985122680664,
    27.372034072875977,
    27.38525390625,
    27.417980194091797,
    27.434188842773438,
    27.46703338623047,
    27.50057029724121,
    27.521142959594727,
    27.53665542602539,
    27.565217971801758,
    27.588855743408203,
    27.601119995117188,
    27.603118896484375,
    27.629215240478516,
    27.647207260131836,
    27.65360450744629,
    27.658863067626953,
    27.6832332611084,
    27.701139450073242,
    27.708433151245117,
    27.731359481811523,
    27.743921279907227,
    27.75364112854004,
    27.75326919555664,
    27.785205841064453,
    27.79694175720215
  ],
  "reconstruction_loss": [
    29.493803024291992,
    25.92068099975586,
    25.48928451538086,
    25.105379104614258,
    24.66144371032715,
    24.179401397705078,
    23.7800235748291,
    23.509809494018555,
    23.300426483154297,
    23.123071670532227,
    22.964996337890625,
    22.829742431640625,
    22.71177101135254,
    22.61189079284668,
    22.529420852661133,
    22.459850311279297,
    22.399316787719727,
    22.33932876586914,
    22.28563690185547,
    22.22665023803711,
    22.174654006958008,
    22.12618637084961,
    22.079774856567383,
    22.02400779724121,
    21.98046112060547,
    21.921491622924805,
    21.860164642333984,
    21.80389404296875,
    21.747051239013672,
    21.697349548339844,
    21.65237045288086,
    21.599571228027344,
    21.5578556060791,
    21.51244354248047,
    21.477237701416016,
    21.443138122558594,
    21.407135009765625,
    21.375383377075195,
    21.346874237060547,
    21.3187198638916,
    21.288522720336914,
    21.25376319885254,
    21.228979110717773,
    21.206174850463867,
    21.183483123779297,
    21.156869888305664,
    21.143314361572266,
    21.127613067626953,
    21.107467651367188,
    21.088459014892578,
    21.07451820373535,
    21.060466766357422,
    21.047422409057617,
    21.026243209838867,
    21.0128116607666,
    20.999935150146484,
    20.98890495300293,
    20.979578018188477,
    20.96605682373047,
    20.94879722595215,
    20.936229705810547,
    20.9173641204834,
    20.91260528564453,
    20.8995304107666,
    20.885934829711914,
    20.869091033935547,
    20.856706619262695,
    20.837926864624023,
    20.82379722595215,
    20.810287475585938,
    20.79706382751465,
    20.781049728393555,
    20.763919830322266,
    20.751909255981445,
    20.7390193939209,
    20.720260620117188,
    20.699703216552734,
    20.676834106445312,
    20.65311050415039,
    20.635387420654297,
    20.612905502319336,
    20.59072494506836,
    20.568256378173828,
    20.544437408447266,
    20.52937889099121,
    20.5248966217041,
    20.501060485839844,
    20.488548278808594,
    20.47186851501465,
    20.454736709594727,
    20.4432315826416,
    20.43083381652832,
    20.41551399230957,
    20.397737503051758,
    20.385974884033203,
    20.368803024291992,
    20.361862182617188,
    20.34900665283203,
    20.331398010253906,
    20.324016571044922
  ],
  "total_loss": [
    39.61466979980469,
    37.28570556640625,
    37.011314392089844,
    36.7944450378418,
    36.560028076171875,
    36.30792236328125,
    36.113285064697266,
    35.972782135009766,
    35.87398147583008,
    35.77212905883789,
    35.693756103515625,
    35.622074127197266,
    35.5629997253418,
    35.50592041015625,
    35.458805084228516,
    35.42231750488281,
    35.383697509765625,
    35.34971618652344,
    35.3134651184082,
    35.281494140625,
    35.25325012207031,
    35.21882629394531,
    35.193603515625,
    35.15929412841797,
    35.13079833984375,
    35.09968948364258,
    35.05308532714844,
    35.021541595458984,
    34.996337890625,
    34.964752197265625,
    34.93415069580078,
    34.90304946899414,
    34.875179290771484,
    34.853878021240234,
    34.8299674987793,
    34.80603790283203,
    34.794002532958984,
    34.76282501220703,
    34.74879837036133,
    34.73002243041992,
    34.71257781982422,
    34.69505310058594,
    34.685298919677734,
    34.66273880004883,
    34.65965270996094,
    34.63865661621094,
    34.63689041137695,
    34.6223030090332,
    34.61427307128906,
    34.60057830810547,
    34.5944938659668,
    34.58016586303711,
    34.5789794921875,
    34.571964263916016,
    34.55144500732422,
    34.54954147338867,
    34.545989990234375,
    34.537109375,
    34.52879333496094,
    34.51939010620117,
    34.51057815551758,
    34.50542068481445,
    34.49699401855469,
    34.491859436035156,
    34.48173904418945,
    34.48148727416992,
    34.466129302978516,
    34.46055603027344,
    34.4530143737793,
    34.452701568603516,
    34.43936538696289,
    34.42779541015625,
    34.42306137084961,
    34.41996383666992,
    34.41398620605469,
    34.406288146972656,
    34.39229202270508,
    34.38576889038086,
    34.37013626098633,
    34.368865966796875,
    34.36309814453125,
    34.35129928588867,
    34.33652877807617,
    34.32707214355469,
    34.32379913330078,
    34.32545471191406,
    34.30266189575195,
    34.303165435791016,
    34.29548645019531,
    34.28153991699219,
    34.27268981933594,
    34.27241897583008,
    34.26604080200195,
    34.25196075439453,
    34.25160598754883,
    34.24079132080078,
    34.23871994018555,
    34.225624084472656,
    34.2239990234375,
    34.222530364990234
  ],